member_id,full_name,age,membership_type,months_as_member,avg_weekly_attendance,avg_points_per_session,attendance_trend,points_trend,days_since_last_visit,churn
1,Scarlett Martin,35,Premium,22,2.04,95.35,decreasing,increasing,33,0
2,Owen Anderson,23,Premium,21,1.47,64.22,increasing,decreasing,40,1
3,Lucas Lewis,35,Basic,22,2.54,61.63,increasing,stable,40,0
4,Daniel Miller,36,Basic,34,4.11,67.27,stable,stable,4,0
5,Evelyn Thompson,39,Basic,30,2.13,68.77,increasing,decreasing,14,1
6,Emma Hernandez,54,Basic,25,4.0,86.36,stable,increasing,46,0
7,Logan Lee,49,Premium,28,4.61,58.39,stable,decreasing,2,1
8,Hannah Davis,58,Basic,1,1.55,93.07,stable,decreasing,18,0
9,Logan Williams,20,Premium,4,2.51,57.99,stable,decreasing,27,0
10,Michael Lee,45,Basic,7,4.6,51.03,decreasing,decreasing,2,1
11,Noah White,27,Basic,9,2.38,77.86,increasing,stable,37,1
12,Theodore Garcia,52,Premium,19,2.54,88.46,decreasing,increasing,3,0
13,Noah Ramirez,46,Basic,1,0.83,72.68,decreasing,decreasing,23,0
14,Daniel Smith,32,Basic,10,1.97,76.53,stable,stable,30,0
15,Olivia Sanchez,50,Basic,9,3.06,99.31,stable,increasing,44,0
16,Michael Lewis,24,Basic,32,4.93,88.67,decreasing,decreasing,58,0
17,Jackson Taylor,29,Premium,32,2.3,70.46,increasing,stable,44,0
18,Mateo Clark,47,Basic,6,0.84,63.53,stable,decreasing,58,1
19,Jack Ramirez,38,Basic,17,1.09,86.43,stable,decreasing,10,0
20,Mia Anderson,48,Premium,10,2.46,82.44,increasing,decreasing,36,1
21,Oliver Jones,41,Basic,27,3.68,76.28,decreasing,decreasing,0,0
22,Benjamin Lee,37,Unlimited,35,3.14,65.09,decreasing,decreasing,8,0
23,Henry Miller,54,Premium,21,2.96,68.85,decreasing,decreasing,16,0
24,Harper Brown,21,Premium,25,3.81,67.79,increasing,stable,53,1
25,Jackson Ramirez,45,Premium,28,1.78,65.34,increasing,increasing,0,0
26,Sophia Moore,37,Basic,15,2.52,60.98,stable,decreasing,2,0
27,Henry Sanchez,41,Premium,4,1.98,73.98,increasing,decreasing,46,1
28,Noah Martin,49,Basic,29,2.23,60.31,stable,stable,25,0
29,Jack Anderson,58,Unlimited,9,1.49,72.66,stable,increasing,52,1
30,Benjamin Lopez,53,Basic,27,2.16,38.5,stable,stable,30,0
31,Lucas Anderson,51,Premium,26,2.47,61.0,stable,increasing,25,0
32,Lily Wilson,53,Premium,19,2.13,86.47,stable,decreasing,22,0
33,Amelia Brown,19,Basic,28,2.34,56.49,increasing,decreasing,29,0
34,Zoey Brown,32,Basic,17,2.91,78.88,stable,increasing,9,0
35,Noah Robinson,51,Premium,20,3.74,57.74,stable,stable,7,0
36,William Perez,53,Unlimited,23,3.81,81.64,stable,increasing,43,0
37,Elijah Perez,23,Basic,32,3.26,65.54,decreasing,decreasing,24,0
38,Owen Moore,56,Premium,33,1.24,64.95,decreasing,stable,21,0
39,Sebastian Lopez,59,Unlimited,5,2.14,70.82,decreasing,stable,14,0
40,Chloe Martinez,29,Unlimited,34,2.23,49.85,increasing,stable,58,0
41,Hannah Wilson,20,Basic,11,1.84,84.58,increasing,increasing,40,0
42,Charlotte Thomas,35,Premium,3,2.84,89.55,stable,stable,55,1
43,Isabella Davis,57,Basic,33,0.91,64.6,decreasing,increasing,56,1
44,Sophia Thompson,38,Unlimited,11,4.19,77.86,stable,stable,9,0
45,Zoey Lee,32,Premium,16,3.7,81.68,decreasing,increasing,19,0
46,Mia Gonzalez,50,Basic,18,2.98,68.63,stable,stable,40,1
47,Harper Anderson,52,Premium,30,2.44,53.38,decreasing,decreasing,46,0
48,Logan Sanchez,43,Basic,10,3.73,93.91,decreasing,decreasing,22,1
49,Jackson Ramirez,25,Unlimited,18,3.19,64.11,increasing,decreasing,52,1
50,Owen Anderson,53,Unlimited,19,3.61,60.86,stable,decreasing,52,1
51,Liam Harris,47,Premium,13,2.44,94.58,stable,increasing,0,0
52,Benjamin Rodriguez,40,Basic,3,4.29,79.15,increasing,increasing,1,0
53,Logan Smith,59,Premium,10,3.67,73.86,stable,stable,57,1
54,Lucas White,31,Basic,1,3.01,55.44,stable,decreasing,18,0
55,Emma Jackson,31,Basic,27,3.76,82.04,increasing,decreasing,13,0
56,Amelia Davis,19,Unlimited,8,2.08,100.0,stable,increasing,7,0
57,Lily Williams,54,Basic,17,1.33,83.21,stable,stable,37,1
58,Grace Clark,22,Basic,9,2.82,77.44,increasing,increasing,11,0
59,James Martinez,55,Unlimited,6,2.44,80.82,stable,decreasing,25,0
60,Scarlett Sanchez,58,Basic,25,2.3,65.08,increasing,stable,26,0
61,Jack Miller,31,Basic,28,3.72,64.94,decreasing,increasing,28,0
62,Henry Davis,56,Unlimited,33,2.67,64.74,increasing,stable,14,0
63,Olivia Johnson,42,Basic,9,2.76,61.38,decreasing,stable,45,1
64,Grace Thomas,37,Premium,18,2.17,64.71,stable,decreasing,52,1
65,Ethan Robinson,19,Unlimited,21,3.38,64.64,increasing,increasing,0,0
66,Logan Jones,56,Unlimited,2,3.2,66.33,stable,decreasing,59,0
67,Lily Lopez,23,Premium,15,3.37,65.91,stable,stable,42,1
68,Zoey Perez,34,Basic,28,2.0,73.65,stable,decreasing,27,0
69,Mateo Williams,42,Basic,18,3.8,71.18,stable,decreasing,56,1
70,Liam Williams,45,Unlimited,34,4.34,72.51,stable,increasing,2,0
71,Victoria Anderson,19,Unlimited,22,3.34,92.83,increasing,increasing,50,1
72,Sophia Williams,52,Premium,11,1.69,71.15,increasing,decreasing,17,1
73,Liam Jones,54,Basic,13,1.7,100.0,decreasing,increasing,51,1
74,Sebastian Thompson,22,Basic,4,2.12,75.29,stable,decreasing,59,0
75,Sophia Miller,18,Basic,22,1.94,63.29,stable,decreasing,33,0
76,Mateo Rodriguez,57,Premium,7,2.43,90.24,decreasing,decreasing,31,0
77,Isabella Anderson,29,Premium,24,3.13,68.81,stable,increasing,28,0
78,Sebastian Martinez,53,Unlimited,4,2.79,34.09,decreasing,stable,24,1
79,Ava Jackson,40,Premium,28,2.7,69.94,stable,stable,59,1
80,Ella Miller,48,Basic,15,2.26,66.26,increasing,increasing,25,0
81,Ella Brown,28,Premium,1,2.43,94.1,decreasing,decreasing,38,1
82,Theodore Jones,27,Premium,3,3.3,56.54,stable,decreasing,7,1
83,Ethan Miller,20,Premium,14,0.49,65.01,decreasing,stable,18,1
84,Isabella Hernandez,31,Premium,1,2.49,89.01,increasing,decreasing,53,0
85,Owen Brown,33,Unlimited,21,2.79,75.92,stable,increasing,46,0
86,Ava Miller,27,Unlimited,29,3.28,67.43,decreasing,stable,41,0
87,Michael Ramirez,46,Basic,5,1.49,58.65,increasing,decreasing,21,0
88,Noah Martinez,27,Basic,10,1.44,75.28,decreasing,decreasing,28,1
89,William Ramirez,29,Premium,28,3.08,69.56,stable,stable,32,1
90,Jack Lopez,47,Basic,21,0.6,58.48,stable,decreasing,37,1
91,Abigail Robinson,58,Basic,7,3.83,59.26,stable,stable,44,0
92,Emma Sanchez,18,Basic,3,2.73,57.78,decreasing,increasing,45,0
93,Jack Harris,22,Premium,20,4.06,55.11,increasing,increasing,34,1
94,Scarlett Robinson,37,Basic,19,1.41,84.01,increasing,decreasing,42,1
95,Grace Smith,25,Premium,35,2.06,81.99,decreasing,increasing,2,0
96,Mateo Robinson,29,Unlimited,4,0.09,84.04,decreasing,stable,18,1
97,Ava Rodriguez,18,Basic,5,1.7,70.07,increasing,stable,9,0
98,Oliver Miller,37,Basic,1,2.32,66.36,stable,decreasing,26,0
99,William Davis,45,Basic,4,0.54,66.63,stable,stable,14,1
100,Mateo Rodriguez,54,Unlimited,12,2.11,85.32,stable,increasing,10,0
101,Victoria Smith,54,Basic,27,0.51,42.7,increasing,increasing,46,1
102,Logan Anderson,29,Basic,23,2.24,62.28,stable,stable,25,0
103,Ella White,54,Basic,25,3.65,56.69,increasing,decreasing,58,0
104,Olivia Robinson,45,Premium,21,2.47,90.4,decreasing,stable,23,0
105,Scarlett Johnson,32,Premium,24,4.16,62.84,decreasing,decreasing,12,0
106,Oliver Taylor,23,Premium,25,3.29,45.46,stable,increasing,31,0
107,Victoria Taylor,37,Unlimited,32,3.85,73.35,increasing,decreasing,36,0
108,Amelia Clark,31,Basic,32,1.74,64.45,increasing,stable,3,0
109,Noah Johnson,19,Unlimited,5,1.71,61.65,stable,increasing,12,0
110,Jack Perez,26,Basic,16,2.85,60.1,decreasing,stable,8,0
111,Ethan Jones,54,Unlimited,33,0.92,59.51,stable,decreasing,56,1
112,Ella Smith,37,Premium,21,2.97,80.63,stable,decreasing,48,1
113,Liam Jackson,43,Unlimited,9,2.18,73.36,stable,increasing,33,0
114,Noah Lee,46,Basic,6,3.83,67.03,stable,decreasing,55,0
115,Sebastian Garcia,18,Basic,35,3.18,53.53,increasing,increasing,36,0
116,Ella Thompson,52,Basic,22,3.6,67.47,increasing,increasing,47,1
117,Elijah Thompson,23,Basic,5,1.75,73.91,increasing,stable,6,0
118,Emma White,54,Basic,23,3.55,74.48,stable,stable,0,0
119,Amelia Garcia,22,Basic,17,3.94,72.41,decreasing,decreasing,59,1
120,Logan Jones,50,Basic,12,2.46,56.16,decreasing,stable,57,1
121,Chloe Garcia,31,Premium,23,1.76,33.95,increasing,increasing,11,0
122,Michael Hernandez,29,Unlimited,16,1.78,96.99,increasing,stable,20,0
123,Mia Smith,59,Premium,3,3.74,50.36,increasing,increasing,10,0
124,Henry Ramirez,37,Basic,30,5.18,40.53,stable,increasing,43,0
125,William Thomas,41,Premium,22,1.52,71.96,stable,stable,50,1
126,Owen Williams,51,Basic,9,1.44,44.37,stable,stable,57,1
127,Abigail Ramirez,42,Unlimited,29,3.42,57.93,increasing,increasing,43,1
128,Hannah Jackson,46,Basic,23,1.75,78.23,increasing,stable,43,0
129,Sebastian Williams,56,Premium,13,3.52,96.59,increasing,increasing,13,0
130,Evelyn Martin,48,Unlimited,32,2.97,75.81,increasing,increasing,33,0
131,Ella Miller,40,Unlimited,23,2.48,63.41,decreasing,stable,33,1
132,Grace Davis,55,Premium,17,2.94,69.23,increasing,increasing,24,0
133,Scarlett Moore,37,Unlimited,21,2.88,42.87,stable,stable,3,0
134,Zoey Smith,40,Unlimited,2,2.32,63.24,stable,increasing,51,0
135,Emma Ramirez,33,Premium,6,0.74,63.25,decreasing,stable,54,1
136,Jackson Moore,59,Premium,18,2.68,72.3,decreasing,increasing,25,0
137,Ethan Robinson,25,Premium,30,4.07,99.13,decreasing,increasing,15,0
138,Lily Miller,38,Premium,22,0.89,40.95,increasing,stable,9,1
139,Mia Sanchez,18,Premium,33,1.53,63.88,stable,decreasing,44,1
140,Noah Smith,25,Premium,30,2.93,42.5,decreasing,increasing,1,1
141,Olivia Jones,46,Basic,17,2.54,62.45,increasing,stable,34,0
142,Victoria Clark,49,Basic,32,2.91,57.03,stable,decreasing,18,0
143,Henry Rodriguez,55,Basic,14,1.8,47.58,decreasing,stable,5,0
144,Lily Jackson,22,Basic,10,3.66,83.7,stable,decreasing,18,0
145,Mia Williams,39,Basic,34,2.55,73.83,increasing,increasing,58,1
146,Abigail White,51,Premium,9,3.2,81.94,increasing,decreasing,52,0
147,Grace White,18,Basic,28,2.82,62.03,stable,stable,51,0
148,Emma Taylor,43,Unlimited,11,2.68,68.94,increasing,stable,50,0
149,Lucas Brown,27,Basic,14,3.13,93.92,stable,decreasing,7,0
150,Aria Davis,47,Basic,19,2.69,69.96,decreasing,stable,13,0
151,Abigail Robinson,35,Premium,15,1.31,82.12,increasing,stable,9,0
152,Lily Thomas,34,Premium,28,3.59,60.74,decreasing,decreasing,2,0
153,Jackson Williams,43,Basic,24,3.32,80.74,stable,stable,37,0
154,Jackson Lewis,25,Unlimited,8,0.39,61.77,increasing,increasing,28,1
155,Harper Wilson,57,Unlimited,9,1.85,41.55,decreasing,stable,14,0
156,Harper Johnson,29,Basic,33,3.54,69.89,decreasing,increasing,22,0
157,Lily Thomas,44,Basic,33,0.67,62.95,stable,decreasing,22,0
158,Hannah Smith,25,Unlimited,19,3.44,45.63,decreasing,decreasing,17,1
159,Elijah Smith,42,Premium,3,2.36,72.87,decreasing,stable,45,1
160,Sophia Lee,21,Premium,10,3.84,56.6,decreasing,stable,18,0
161,Abigail White,50,Unlimited,1,2.5,100.0,stable,increasing,27,0
162,Lucas Miller,18,Basic,29,1.78,48.03,decreasing,increasing,25,0
163,Oliver Taylor,36,Premium,34,2.81,51.81,decreasing,decreasing,9,1
164,Grace Thomas,48,Basic,13,2.47,83.04,decreasing,increasing,46,0
165,Olivia Clark,33,Premium,1,1.69,68.0,increasing,stable,3,0
166,Michael Thompson,31,Premium,34,4.72,82.74,stable,decreasing,54,0
167,Michael Wilson,22,Premium,29,1.53,75.71,stable,decreasing,1,0
168,Theodore Garcia,58,Basic,13,0.26,61.27,increasing,stable,2,0
169,Aria Gonzalez,43,Basic,29,4.08,49.31,decreasing,stable,6,1
170,Lucas Clark,45,Premium,24,1.92,86.07,increasing,stable,54,0
171,Mateo Johnson,19,Premium,26,2.2,50.67,increasing,decreasing,15,0
172,Daniel Robinson,23,Premium,17,2.14,78.38,decreasing,stable,30,0
173,Grace Ramirez,26,Basic,7,1.93,83.78,stable,stable,9,0
174,Grace Jones,50,Unlimited,13,1.73,68.1,increasing,increasing,18,0
175,Evelyn Brown,58,Basic,5,1.5,65.44,stable,increasing,27,0
176,Lily Taylor,42,Unlimited,26,2.56,55.24,stable,stable,16,0
177,Amelia Lopez,30,Basic,3,2.1,76.94,increasing,decreasing,27,1
178,Jack Robinson,26,Premium,7,3.23,24.31,decreasing,decreasing,18,0
179,Owen Wilson,30,Basic,1,2.98,80.74,stable,decreasing,36,0
180,William Williams,48,Unlimited,17,1.57,71.79,stable,stable,22,0
181,Victoria White,58,Premium,25,2.61,66.66,stable,decreasing,19,0
182,Owen Taylor,28,Basic,3,2.08,73.63,stable,decreasing,12,0
183,Charlotte Williams,21,Basic,15,1.51,49.4,increasing,stable,12,0
184,Grace Martin,51,Basic,29,3.19,33.81,increasing,stable,42,0
185,Daniel Thompson,55,Basic,32,2.38,77.03,stable,stable,10,0
186,Grace Williams,21,Unlimited,26,2.09,89.75,decreasing,decreasing,47,1
187,Harper Harris,55,Premium,16,1.64,43.91,increasing,increasing,14,0
188,Charlotte Perez,36,Premium,25,1.47,54.21,stable,decreasing,16,0
189,Oliver Davis,23,Premium,28,4.49,81.28,decreasing,increasing,53,0
190,Logan Moore,51,Premium,9,2.83,75.38,increasing,decreasing,49,1
191,Ella Anderson,35,Basic,1,1.41,100.0,increasing,stable,27,0
192,Michael Thompson,30,Basic,29,2.79,86.13,stable,decreasing,18,0
193,Noah Clark,58,Premium,22,3.56,82.53,stable,stable,3,0
194,Noah Sanchez,40,Unlimited,16,2.67,58.54,increasing,decreasing,21,0
195,Amelia Davis,36,Basic,7,3.87,77.87,stable,stable,21,0
196,Grace Rodriguez,28,Basic,14,0.96,92.43,stable,increasing,54,1
197,Scarlett Lewis,18,Premium,29,0.51,67.53,stable,stable,36,1
198,Sebastian Williams,41,Unlimited,19,2.76,68.24,increasing,increasing,38,1
199,Jackson White,24,Basic,19,2.78,72.12,stable,increasing,33,0
200,Ava Ramirez,42,Premium,2,0.0,60.03,decreasing,stable,32,1
201,Benjamin Harris,38,Unlimited,15,1.88,74.03,decreasing,decreasing,43,1
202,Hannah Gonzalez,32,Basic,3,1.49,73.66,decreasing,stable,41,1
203,Abigail Smith,18,Basic,11,1.11,92.2,stable,stable,39,0
204,Lucas Wilson,29,Premium,30,1.49,67.16,stable,stable,32,1
205,Mia Wilson,24,Unlimited,18,3.1,80.12,stable,increasing,11,0
206,Olivia Jackson,32,Basic,2,1.48,67.61,increasing,decreasing,1,0
207,Ethan Anderson,38,Premium,32,1.52,79.6,increasing,stable,58,1
208,Jack Johnson,36,Premium,8,0.88,66.25,stable,decreasing,27,1
209,Noah Thompson,46,Premium,22,3.77,78.6,increasing,increasing,9,0
210,Michael Jackson,42,Premium,6,2.93,80.92,increasing,increasing,21,0
211,Jackson Sanchez,50,Premium,12,0.01,54.0,decreasing,decreasing,16,0
212,Michael Sanchez,49,Premium,15,1.52,86.54,increasing,stable,25,0
213,Michael Taylor,52,Premium,28,3.03,67.5,increasing,increasing,2,0
214,William Anderson,55,Premium,18,3.78,62.95,increasing,increasing,6,0
215,Victoria Smith,43,Premium,2,3.34,59.35,stable,decreasing,43,0
216,Lucas Lee,28,Unlimited,13,2.14,74.47,stable,stable,7,0
217,James Miller,52,Basic,15,0.57,69.93,stable,stable,19,0
218,Elijah Garcia,25,Unlimited,20,3.37,75.56,stable,stable,11,0
219,Ella Martin,31,Unlimited,29,2.2,75.85,decreasing,stable,34,0
220,Theodore Anderson,27,Basic,29,2.57,79.13,decreasing,decreasing,16,0
221,Lily Thompson,19,Premium,3,2.32,100.0,decreasing,increasing,27,0
222,Zoey Martin,26,Premium,19,1.14,70.6,decreasing,stable,40,1
223,Mia Gonzalez,20,Basic,3,2.86,58.98,stable,decreasing,9,0
224,Theodore Jackson,38,Basic,14,2.73,39.7,increasing,increasing,21,1
225,Amelia White,43,Basic,4,2.07,52.07,increasing,stable,37,1
226,Evelyn Ramirez,25,Basic,11,2.97,88.53,increasing,stable,56,0
227,Sebastian Jones,19,Unlimited,31,1.13,80.8,stable,stable,32,0
228,Sebastian Lee,23,Basic,32,2.23,49.75,decreasing,stable,21,1
229,Ethan Rodriguez,45,Unlimited,27,2.53,100.0,stable,stable,43,1
230,Olivia Lee,46,Premium,30,0.77,74.9,increasing,stable,36,1
231,Liam Sanchez,43,Unlimited,2,2.44,76.9,stable,stable,12,0
232,Liam Anderson,42,Premium,9,3.23,100.0,decreasing,stable,26,0
233,Chloe Robinson,29,Basic,28,2.2,96.09,stable,increasing,14,0
234,Jackson Davis,22,Premium,31,2.47,81.72,decreasing,stable,21,1
235,Liam Thomas,51,Basic,34,3.06,82.44,decreasing,decreasing,29,0
236,Scarlett Jones,54,Premium,15,2.11,83.84,decreasing,stable,42,1
237,Michael Lewis,32,Unlimited,25,2.2,66.39,decreasing,decreasing,39,0
238,Oliver Lopez,53,Basic,8,1.32,74.3,decreasing,stable,36,1
239,Sebastian Thomas,32,Basic,9,2.49,78.61,increasing,decreasing,33,1
240,Victoria Perez,40,Premium,32,2.17,68.1,increasing,decreasing,43,0
241,Owen Wilson,23,Unlimited,17,3.0,55.52,stable,increasing,59,1
242,Jack Jones,38,Premium,35,3.06,66.01,increasing,stable,33,0
243,Theodore Wilson,40,Basic,19,3.29,55.18,decreasing,stable,57,0
244,James Lopez,33,Premium,29,1.99,70.97,increasing,stable,47,0
245,Mia Sanchez,32,Basic,7,0.32,43.29,decreasing,increasing,52,1
246,Sebastian Thomas,42,Premium,28,3.24,75.12,stable,decreasing,34,1
247,Daniel Miller,53,Unlimited,9,2.93,45.53,stable,increasing,41,1
248,Hannah Smith,28,Premium,28,1.86,63.95,decreasing,stable,18,0
249,Theodore Jones,32,Unlimited,6,3.05,77.56,stable,stable,7,0
250,Ethan Sanchez,21,Basic,29,1.05,81.87,stable,increasing,38,0
251,Alexander Perez,38,Premium,17,3.53,80.09,increasing,decreasing,32,0
252,James Brown,30,Unlimited,16,2.17,74.8,stable,decreasing,43,0
253,Chloe Martin,39,Basic,23,1.67,53.21,increasing,stable,27,0
254,Charlotte Martinez,36,Unlimited,31,1.88,84.71,stable,stable,36,0
255,Evelyn Sanchez,51,Basic,3,2.27,53.55,stable,increasing,47,1
256,Ella Smith,31,Premium,21,2.49,86.42,decreasing,decreasing,24,0
257,James Gonzalez,21,Unlimited,26,2.55,79.42,decreasing,increasing,35,1
258,Elijah Thomas,44,Premium,22,2.07,90.38,stable,stable,16,0
259,Logan Thomas,46,Basic,12,2.7,70.37,stable,decreasing,23,0
260,Noah Taylor,45,Premium,13,2.51,57.72,decreasing,increasing,20,1
261,Jack Clark,52,Premium,11,1.85,50.61,stable,decreasing,1,0
262,Abigail White,25,Unlimited,16,1.7,52.28,stable,increasing,30,0
263,Olivia Moore,33,Premium,8,3.11,45.45,stable,decreasing,43,1
264,Lily Ramirez,59,Basic,2,3.02,84.13,decreasing,increasing,32,1
265,Grace Smith,53,Premium,30,2.56,86.01,stable,stable,29,0
266,Victoria Lopez,47,Premium,30,3.42,78.31,stable,increasing,11,0
267,Oliver Smith,35,Premium,12,0.54,69.5,stable,decreasing,43,1
268,Grace Davis,19,Premium,10,1.94,100.0,stable,stable,11,0
269,Alexander Hernandez,30,Unlimited,11,1.34,68.53,increasing,increasing,50,1
270,Owen Gonzalez,21,Premium,15,4.76,73.31,stable,stable,56,0
271,Olivia Wilson,43,Premium,16,3.21,69.28,decreasing,stable,48,1
272,Noah Lewis,42,Basic,17,2.42,64.93,decreasing,stable,51,0
273,Lily Thompson,47,Basic,26,3.28,79.46,stable,decreasing,23,1
274,Amelia Sanchez,28,Basic,2,3.62,60.5,stable,stable,23,0
275,Lucas Lewis,24,Basic,12,3.61,59.49,increasing,increasing,57,1
276,Sebastian Martinez,48,Premium,26,3.42,80.22,decreasing,increasing,59,1
277,Sebastian Robinson,27,Premium,23,2.24,62.54,decreasing,stable,10,0
278,Chloe Jackson,56,Premium,18,2.0,72.0,increasing,stable,12,0
279,Benjamin Brown,30,Unlimited,32,1.54,64.88,increasing,stable,26,0
280,Emma Lewis,48,Unlimited,3,3.0,69.83,decreasing,increasing,7,0
281,Hannah Harris,24,Unlimited,3,2.34,59.9,stable,stable,9,0
282,Daniel Lewis,59,Premium,30,2.08,60.39,stable,decreasing,7,0
283,Hannah Martinez,59,Premium,1,2.03,57.7,increasing,increasing,19,0
284,Victoria Rodriguez,53,Premium,30,3.95,82.65,increasing,stable,7,0
285,Logan Williams,37,Basic,32,3.45,72.58,stable,decreasing,8,0
286,Lily Thomas,21,Basic,28,4.33,83.78,decreasing,decreasing,6,0
287,Hannah Moore,24,Unlimited,21,3.03,85.38,stable,stable,13,0
288,Scarlett White,18,Unlimited,13,2.56,63.1,stable,stable,27,0
289,Ethan Robinson,59,Basic,27,2.47,83.22,increasing,decreasing,1,0
290,Ella Jones,30,Premium,7,1.48,69.79,stable,increasing,56,1
291,Olivia Taylor,39,Unlimited,22,1.24,67.62,increasing,stable,42,1
292,Ava Thompson,38,Basic,10,3.01,88.79,stable,increasing,7,0
293,Jackson Williams,39,Basic,15,1.57,78.31,decreasing,stable,12,0
294,Theodore Taylor,45,Unlimited,15,2.71,64.71,increasing,stable,20,0
295,Abigail Thomas,26,Premium,4,3.62,77.33,increasing,decreasing,46,1
296,Jackson Perez,43,Basic,32,1.83,51.01,increasing,increasing,27,0
297,Ava Clark,26,Premium,23,4.51,73.71,stable,stable,34,0
298,Evelyn Taylor,32,Unlimited,6,1.51,47.51,decreasing,stable,22,1
299,Hannah Lopez,27,Premium,24,3.49,55.23,increasing,stable,45,0
300,Evelyn Lopez,41,Basic,20,2.92,78.77,decreasing,decreasing,14,0
301,Henry Miller,59,Basic,20,3.69,29.95,increasing,stable,1,0
302,Jack Wilson,25,Premium,12,1.38,97.04,decreasing,decreasing,50,1
303,Charlotte Martin,41,Premium,33,4.81,82.52,stable,stable,11,0
304,Evelyn Sanchez,33,Premium,28,2.32,42.42,stable,stable,56,1
305,Mia Lee,43,Basic,8,3.18,100.0,stable,decreasing,51,1
306,James Williams,44,Unlimited,1,3.94,100.0,stable,increasing,35,1
307,Olivia Harris,54,Basic,22,1.9,67.29,decreasing,increasing,2,0
308,Daniel Brown,21,Basic,6,3.33,56.1,decreasing,decreasing,4,0
309,Ethan Thomas,41,Basic,21,1.73,95.29,stable,stable,2,0
310,Scarlett Gonzalez,36,Basic,32,3.9,64.84,increasing,decreasing,56,1
311,Scarlett Wilson,53,Premium,35,1.74,72.42,increasing,decreasing,46,0
312,Charlotte Sanchez,56,Premium,15,2.54,88.26,decreasing,stable,18,1
313,James Williams,27,Basic,5,2.81,67.7,stable,stable,1,0
314,Ethan Lewis,42,Premium,6,3.28,66.38,stable,stable,43,1
315,Emma Moore,35,Basic,25,4.47,50.91,stable,stable,36,0
316,Olivia Rodriguez,36,Premium,29,2.05,60.54,decreasing,decreasing,53,1
317,Alexander Sanchez,53,Unlimited,7,3.64,66.09,stable,decreasing,16,0
318,Amelia Lewis,27,Basic,13,4.47,51.42,decreasing,stable,13,0
319,Aria Miller,50,Premium,18,2.67,52.78,decreasing,increasing,27,0
320,Ava Davis,22,Basic,2,1.95,70.5,stable,stable,26,0
321,Henry Moore,52,Basic,8,0.77,42.25,increasing,increasing,53,1
322,Mateo Sanchez,51,Basic,11,4.38,56.81,decreasing,decreasing,9,0
323,Noah Jones,50,Premium,33,2.26,99.17,stable,increasing,2,0
324,Owen Jones,38,Premium,27,1.5,64.82,decreasing,decreasing,35,1
325,Aria Jackson,34,Basic,20,1.14,62.94,increasing,stable,37,1
326,Lucas Thomas,39,Unlimited,12,1.5,64.75,increasing,decreasing,55,1
327,Liam Perez,54,Premium,31,3.42,64.99,decreasing,stable,24,0
328,Amelia Miller,32,Unlimited,27,3.56,78.62,stable,stable,21,0
329,Jackson Gonzalez,52,Premium,32,3.15,77.57,stable,stable,47,1
330,Elijah Brown,45,Premium,10,2.63,64.14,decreasing,decreasing,38,1
331,William Ramirez,24,Basic,3,1.25,66.79,stable,stable,46,1
332,Charlotte Jackson,49,Basic,27,1.77,89.69,stable,stable,29,0
333,Scarlett Clark,28,Unlimited,35,1.39,47.35,increasing,stable,20,0
334,Alexander Sanchez,27,Basic,31,3.07,69.14,decreasing,increasing,29,0
335,Evelyn Miller,26,Unlimited,15,1.44,72.03,decreasing,stable,27,1
336,Oliver Gonzalez,31,Premium,16,1.79,58.35,increasing,decreasing,30,1
337,Ava Moore,30,Basic,13,2.32,68.27,decreasing,increasing,56,1
338,Jack Robinson,42,Basic,35,0.83,56.32,decreasing,stable,51,1
339,Abigail Ramirez,19,Basic,11,2.55,79.56,stable,stable,25,0
340,Lucas Lewis,52,Unlimited,21,2.39,49.93,stable,stable,42,0
341,Scarlett Smith,24,Premium,11,3.68,85.94,stable,increasing,21,0
342,Oliver Gonzalez,38,Basic,30,1.68,68.9,increasing,stable,20,0
343,Jack Robinson,35,Basic,35,1.2,63.28,decreasing,increasing,0,1
344,Jackson White,20,Basic,22,2.13,54.93,decreasing,increasing,36,0
345,Grace Garcia,59,Premium,31,1.4,85.46,stable,decreasing,12,0
346,William Sanchez,56,Basic,14,2.54,60.22,stable,stable,20,0
347,Ella Gonzalez,58,Unlimited,24,0.64,52.49,increasing,decreasing,45,0
348,Daniel Thomas,28,Basic,32,1.89,85.77,increasing,increasing,8,0
349,Daniel Hernandez,56,Basic,32,1.57,56.44,stable,stable,16,0
350,Victoria Brown,41,Premium,15,3.07,68.58,increasing,increasing,46,0
351,Lily Jackson,36,Premium,35,1.69,82.28,stable,stable,20,0
352,Abigail Harris,21,Unlimited,3,0.76,72.37,stable,decreasing,30,0
353,Harper Anderson,43,Premium,16,2.3,95.96,decreasing,decreasing,38,1
354,Sophia Anderson,55,Basic,5,2.82,57.48,stable,increasing,58,1
355,Charlotte Smith,59,Premium,21,2.23,66.84,stable,stable,53,0
356,Oliver Thomas,49,Basic,10,1.89,68.0,stable,stable,21,0
357,Ethan Harris,56,Basic,19,1.83,79.32,increasing,increasing,11,0
358,Emma Lopez,53,Unlimited,25,2.61,89.33,increasing,increasing,54,1
359,Alexander Thomas,57,Premium,4,1.61,71.1,increasing,decreasing,5,1
360,Lucas Garcia,54,Unlimited,29,2.17,67.94,decreasing,decreasing,52,1
361,Olivia White,50,Premium,19,3.25,47.76,increasing,decreasing,15,0
362,Jack Lee,53,Premium,2,1.2,71.69,decreasing,decreasing,25,1
363,Lucas Sanchez,20,Basic,10,2.46,60.25,decreasing,stable,4,0
364,Jack Brown,26,Basic,25,0.71,79.28,decreasing,stable,8,0
365,Sebastian Davis,25,Unlimited,20,2.73,63.85,increasing,increasing,45,1
366,Jack Ramirez,50,Basic,19,1.52,66.39,decreasing,increasing,39,0
367,Victoria Rodriguez,23,Unlimited,23,3.52,48.1,increasing,stable,13,0
368,Hannah Clark,58,Premium,24,1.02,42.83,stable,decreasing,43,1
369,Amelia Rodriguez,56,Basic,11,2.94,97.91,decreasing,decreasing,41,1
370,Grace Lee,21,Premium,34,3.72,71.95,stable,decreasing,29,0
371,Abigail Gonzalez,30,Premium,28,1.47,76.07,stable,decreasing,51,1
372,Jack Thomas,19,Basic,5,1.64,56.32,increasing,decreasing,51,1
373,Owen Gonzalez,22,Unlimited,5,1.56,83.13,stable,increasing,25,0
374,Lily Lewis,44,Premium,21,2.01,80.43,stable,decreasing,52,1
375,William Moore,49,Basic,12,3.02,57.96,stable,stable,44,0
376,James Anderson,38,Premium,4,1.93,54.11,decreasing,increasing,28,0
377,Jackson Johnson,25,Unlimited,20,1.38,59.01,decreasing,decreasing,18,1
378,Alexander White,55,Basic,25,0.48,69.58,decreasing,decreasing,46,1
379,Theodore Moore,25,Unlimited,14,4.1,72.51,stable,increasing,7,0
380,James Thompson,20,Basic,11,4.18,70.58,stable,increasing,22,0
381,Grace Perez,20,Premium,32,3.06,89.48,decreasing,stable,52,1
382,Liam Moore,39,Premium,11,1.69,59.28,decreasing,stable,41,1
383,Ella Anderson,23,Basic,18,3.25,53.7,stable,decreasing,34,0
384,Emma Lee,19,Basic,27,3.45,70.0,increasing,increasing,30,0
385,Sebastian Harris,40,Premium,18,2.25,44.6,increasing,increasing,52,0
386,Michael Clark,19,Premium,23,2.54,80.44,stable,increasing,34,0
387,Mateo Taylor,55,Premium,11,3.73,71.47,stable,increasing,31,0
388,Ava Smith,34,Basic,21,0.86,64.93,decreasing,increasing,57,1
389,Chloe Rodriguez,52,Unlimited,5,3.5,64.1,increasing,decreasing,4,0
390,Lily Smith,51,Premium,23,2.19,83.65,increasing,stable,15,0
391,Daniel Thomas,40,Unlimited,25,1.39,83.17,stable,stable,16,0
392,William Ramirez,47,Basic,10,1.47,66.3,stable,increasing,31,1
393,Amelia Jones,25,Premium,22,1.64,78.88,increasing,increasing,37,0
394,Charlotte Jones,39,Premium,19,1.29,82.95,stable,decreasing,57,1
395,Aria Williams,53,Basic,1,4.27,75.03,stable,stable,31,1
396,Ethan Jones,22,Premium,7,2.99,66.92,decreasing,decreasing,51,1
397,Victoria Martinez,30,Basic,4,3.56,75.72,stable,stable,19,0
398,Alexander Jackson,46,Premium,1,3.06,54.41,stable,stable,47,0
399,Amelia Lee,48,Premium,15,2.56,71.07,stable,stable,55,1
400,Sophia Rodriguez,33,Basic,12,2.57,66.5,decreasing,stable,1,0
401,Liam Jackson,59,Premium,22,2.1,64.15,increasing,decreasing,19,0
402,Ava Brown,47,Premium,22,2.18,44.1,decreasing,increasing,46,1
403,Liam Taylor,33,Basic,17,1.09,54.59,stable,stable,17,0
404,Zoey Johnson,29,Unlimited,29,3.58,62.71,decreasing,increasing,0,1
405,Jack Davis,34,Unlimited,14,0.69,83.43,decreasing,stable,57,1
406,Scarlett Sanchez,33,Premium,20,1.44,74.29,stable,decreasing,28,0
407,Chloe Perez,29,Basic,33,4.51,84.1,stable,stable,28,0
408,Oliver Clark,25,Premium,15,2.64,88.64,increasing,stable,18,0
409,Olivia Smith,37,Premium,12,2.68,74.94,decreasing,decreasing,43,1
410,James Robinson,20,Basic,20,3.14,72.1,stable,stable,39,1
411,Theodore Clark,33,Premium,30,0.96,55.41,stable,increasing,5,1
412,Amelia Thomas,47,Premium,3,1.11,99.8,decreasing,increasing,43,1
413,Ethan Anderson,40,Premium,28,2.06,48.73,decreasing,decreasing,38,1
414,Victoria Lee,45,Premium,26,1.6,71.78,increasing,decreasing,49,1
415,Sophia Johnson,57,Premium,30,2.43,82.49,stable,stable,53,1
416,Emma Jackson,22,Unlimited,13,2.99,82.7,stable,stable,45,0
417,Scarlett Garcia,37,Basic,13,3.89,52.67,stable,decreasing,7,0
418,Chloe Garcia,57,Premium,2,3.31,63.7,stable,increasing,23,0
419,Chloe Moore,18,Unlimited,2,1.51,58.02,stable,stable,19,0
420,Theodore Anderson,47,Premium,26,2.13,40.29,stable,increasing,53,1
421,Mateo Jackson,38,Premium,11,1.85,71.95,decreasing,decreasing,13,0
422,Chloe Martin,37,Premium,8,1.48,59.24,increasing,increasing,4,0
423,Aria Smith,23,Premium,22,1.26,92.58,stable,stable,40,1
424,Logan Anderson,39,Unlimited,20,4.16,79.23,increasing,increasing,39,0
425,Theodore Thompson,35,Premium,8,2.51,70.62,increasing,stable,33,0
426,Amelia Jones,25,Unlimited,29,2.28,62.91,increasing,decreasing,59,1
427,Owen Brown,56,Basic,26,2.98,71.73,stable,stable,15,0
428,Alexander White,49,Basic,30,3.03,66.16,decreasing,stable,44,1
429,Amelia Martinez,50,Premium,17,3.62,71.04,increasing,stable,6,0
430,Amelia Ramirez,33,Basic,20,1.76,98.52,increasing,stable,15,0
431,Abigail White,29,Basic,16,2.9,54.03,decreasing,decreasing,6,1
432,James Johnson,55,Basic,7,1.59,67.47,increasing,increasing,26,0
433,William Lee,51,Basic,16,2.31,80.6,decreasing,decreasing,13,1
434,Noah Gonzalez,31,Basic,27,2.56,64.0,increasing,increasing,13,0
435,Emma Jackson,53,Unlimited,23,2.65,93.71,decreasing,increasing,43,0
436,Ethan Thompson,50,Basic,24,2.61,80.18,stable,stable,32,1
437,Mia Hernandez,40,Premium,9,3.3,59.22,decreasing,stable,32,0
438,Mia Davis,19,Premium,35,1.9,73.06,decreasing,stable,43,1
439,Elijah Davis,58,Unlimited,20,2.68,59.43,stable,decreasing,19,0
440,Elijah White,38,Basic,17,1.74,58.05,increasing,increasing,52,1
441,Jackson Williams,19,Unlimited,31,5.42,67.9,decreasing,increasing,46,1
442,Ella Williams,44,Premium,8,1.59,88.96,stable,decreasing,35,0
443,Mateo Lewis,26,Premium,15,1.8,81.18,increasing,decreasing,6,0
444,Ella Moore,18,Premium,31,3.38,69.66,increasing,increasing,31,1
445,Evelyn Lee,28,Unlimited,30,2.07,81.72,decreasing,stable,47,1
446,James Moore,20,Basic,20,3.38,74.03,increasing,stable,2,0
447,Jack Martinez,40,Premium,12,2.65,52.45,stable,decreasing,38,1
448,Michael Lee,43,Premium,17,2.1,67.82,stable,decreasing,28,0
449,William Smith,21,Premium,30,1.75,68.9,decreasing,decreasing,23,1
450,James Rodriguez,35,Unlimited,29,1.71,81.43,decreasing,decreasing,21,0
451,Olivia Sanchez,23,Basic,19,2.11,61.5,decreasing,increasing,5,1
452,Chloe Taylor,52,Unlimited,11,2.33,56.31,increasing,decreasing,47,1
453,Sophia Sanchez,39,Basic,34,1.67,69.32,decreasing,stable,23,0
454,Mateo Rodriguez,32,Basic,7,2.39,60.32,increasing,increasing,39,0
455,Sebastian Harris,39,Basic,34,1.41,65.15,stable,stable,22,0
456,Michael Anderson,54,Basic,20,3.26,68.79,stable,decreasing,53,1
457,Theodore Hernandez,59,Premium,24,3.45,64.25,increasing,decreasing,37,1
458,Amelia Sanchez,29,Basic,10,1.8,84.45,decreasing,increasing,9,0
459,Hannah Smith,59,Basic,32,1.74,91.21,increasing,decreasing,15,0
460,Lucas Taylor,55,Unlimited,15,2.68,82.94,stable,decreasing,10,0
461,Lily Lewis,35,Unlimited,20,3.77,43.43,decreasing,increasing,31,1
462,Isabella Anderson,52,Unlimited,3,3.99,60.37,decreasing,stable,44,1
463,Michael Wilson,47,Unlimited,8,1.1,67.32,increasing,decreasing,5,1
464,Sebastian Ramirez,41,Premium,23,3.51,42.31,stable,stable,23,0
465,Ethan Wilson,59,Basic,11,2.44,56.86,decreasing,increasing,32,1
466,Logan Johnson,47,Basic,8,2.46,67.13,stable,decreasing,52,0
467,Sebastian Wilson,31,Premium,29,3.0,63.27,stable,decreasing,50,0
468,Benjamin Williams,23,Basic,30,2.02,70.13,increasing,stable,11,0
469,Ethan Wilson,20,Premium,10,3.6,49.29,stable,decreasing,55,1
470,Harper Sanchez,33,Basic,28,3.92,63.1,decreasing,stable,26,0
471,Aria Williams,24,Basic,13,3.96,72.28,stable,increasing,37,1
472,Isabella Harris,31,Premium,32,0.66,70.15,stable,stable,17,0
473,Victoria Ramirez,26,Premium,26,2.27,76.7,stable,stable,44,0
474,Alexander Miller,32,Premium,22,0.56,75.83,stable,decreasing,38,1
475,Amelia Miller,38,Premium,4,1.73,63.89,increasing,increasing,54,0
476,Michael Sanchez,52,Basic,31,0.1,71.8,increasing,stable,12,0
477,Jackson Taylor,19,Basic,18,2.95,58.0,stable,stable,52,0
478,Ava Martin,44,Unlimited,24,2.72,65.95,stable,decreasing,39,1
479,Jackson Brown,19,Premium,23,2.07,54.17,stable,increasing,29,0
480,Alexander Williams,52,Basic,22,1.71,85.98,stable,increasing,52,0
481,Harper Anderson,35,Unlimited,2,2.81,65.9,stable,increasing,48,0
482,Hannah Anderson,31,Basic,31,1.49,85.96,increasing,decreasing,40,1
483,Michael Johnson,37,Premium,11,1.42,74.67,decreasing,increasing,51,1
484,Lucas Davis,35,Basic,28,1.3,56.72,stable,increasing,12,0
485,Evelyn Martinez,27,Premium,32,2.3,73.77,increasing,increasing,33,0
486,Victoria Garcia,42,Premium,5,1.92,82.15,increasing,decreasing,35,0
487,Sebastian Johnson,19,Basic,10,2.12,68.84,decreasing,increasing,29,0
488,William Jones,42,Unlimited,24,3.02,71.11,increasing,stable,24,0
489,Grace Lee,50,Premium,35,3.46,61.73,decreasing,increasing,1,0
490,Michael Lee,53,Basic,23,3.95,70.36,increasing,stable,35,0
491,William Garcia,48,Basic,17,2.56,73.57,decreasing,decreasing,17,1
492,Elijah Robinson,31,Basic,1,2.85,61.32,decreasing,stable,4,0
493,Emma Robinson,18,Basic,31,2.69,53.81,stable,decreasing,18,0
494,Theodore White,33,Premium,31,0.83,89.32,increasing,decreasing,41,0
495,Henry Thompson,20,Unlimited,34,2.13,79.06,increasing,stable,17,0
496,Oliver Jackson,52,Premium,9,2.13,61.79,stable,decreasing,56,0
497,Charlotte Davis,58,Basic,22,1.99,73.29,stable,decreasing,31,0
498,Victoria Brown,23,Basic,13,2.46,47.82,increasing,decreasing,20,1
499,Logan Garcia,42,Basic,25,2.28,40.34,increasing,stable,9,1
500,Noah Martin,30,Premium,18,1.51,86.26,stable,stable,36,1
501,Jack Hernandez,51,Premium,12,2.35,73.44,stable,stable,48,0
502,Elijah Anderson,25,Basic,17,1.86,69.28,increasing,decreasing,21,0
503,William Perez,38,Premium,15,0.0,73.49,increasing,increasing,12,0
504,Theodore White,51,Unlimited,15,1.1,100.0,decreasing,increasing,54,1
505,Aria Jackson,21,Premium,15,2.59,83.04,stable,stable,16,0
506,Noah Anderson,42,Unlimited,13,3.59,54.32,decreasing,increasing,8,0
507,Emma Davis,32,Premium,17,0.07,44.79,stable,stable,23,1
508,Sebastian Jackson,21,Premium,32,1.63,85.82,increasing,increasing,43,0
509,James Garcia,29,Premium,9,2.93,82.84,stable,stable,13,0
510,Sebastian Perez,49,Premium,20,3.38,78.63,stable,decreasing,45,1
511,Elijah Jackson,49,Basic,26,2.08,57.81,decreasing,stable,7,0
512,Abigail Smith,45,Basic,27,1.82,75.45,stable,decreasing,54,1
513,Abigail Taylor,30,Basic,21,3.72,59.15,increasing,increasing,36,1
514,Olivia Anderson,48,Premium,18,3.3,79.94,decreasing,increasing,18,0
515,Liam Sanchez,31,Basic,13,3.36,84.74,stable,decreasing,27,0
516,Sophia Garcia,37,Unlimited,16,2.03,61.85,decreasing,decreasing,45,1
517,Victoria Robinson,35,Premium,9,3.61,86.98,decreasing,stable,40,1
518,Emma Brown,46,Premium,12,0.55,71.72,increasing,decreasing,29,1
519,Ava Hernandez,23,Basic,19,3.63,77.38,stable,decreasing,6,0
520,Oliver Smith,49,Unlimited,7,2.43,50.36,stable,decreasing,58,1
521,William Moore,46,Unlimited,35,2.63,73.48,stable,stable,57,0
522,Alexander Jones,19,Premium,18,1.55,59.87,stable,increasing,25,0
523,Ethan Martinez,40,Basic,16,0.69,77.12,decreasing,stable,39,1
524,Noah Gonzalez,36,Premium,4,2.61,92.01,decreasing,stable,45,1
525,Zoey Johnson,48,Basic,25,3.05,74.34,increasing,increasing,53,0
526,Abigail Smith,22,Basic,32,3.2,56.49,increasing,decreasing,59,1
527,Victoria Rodriguez,36,Premium,13,3.09,79.4,stable,increasing,45,1
528,Amelia Rodriguez,51,Premium,17,2.87,76.03,increasing,stable,10,0
529,Emma Anderson,27,Premium,6,1.58,100.0,decreasing,stable,13,0
530,Logan Garcia,42,Unlimited,19,3.27,73.81,stable,decreasing,20,0
531,Lily Robinson,19,Premium,13,1.46,61.22,stable,stable,7,0
532,Charlotte Taylor,28,Premium,26,3.61,81.56,increasing,decreasing,2,0
533,James Robinson,48,Basic,14,2.42,68.08,decreasing,stable,27,0
534,Sophia Lee,32,Unlimited,31,2.45,71.2,increasing,decreasing,28,0
535,Emma Rodriguez,26,Basic,4,3.37,56.07,decreasing,decreasing,22,0
536,Chloe Lopez,40,Unlimited,8,3.5,68.16,stable,stable,17,0
537,Lily Williams,36,Unlimited,25,3.27,70.46,decreasing,decreasing,34,1
538,Liam Davis,26,Basic,13,1.68,68.07,stable,increasing,12,0
539,Michael Ramirez,52,Premium,32,3.26,61.14,increasing,stable,11,0
540,Owen Davis,38,Unlimited,28,1.69,74.32,decreasing,increasing,46,0
541,Emma Rodriguez,26,Premium,30,3.29,56.15,increasing,increasing,49,1
542,Victoria Wilson,45,Unlimited,3,1.07,52.62,stable,decreasing,4,1
543,Theodore Williams,24,Unlimited,28,2.41,80.64,increasing,increasing,38,0
544,Daniel Jones,33,Premium,3,1.68,79.27,decreasing,stable,10,0
545,James Jackson,33,Basic,34,3.37,50.39,decreasing,stable,57,1
546,Sophia Sanchez,50,Unlimited,16,3.62,42.56,stable,stable,58,1
547,Elijah Harris,21,Premium,22,2.7,54.87,stable,stable,10,0
548,Jackson Moore,21,Basic,32,2.67,68.08,decreasing,decreasing,58,1
549,Zoey Davis,56,Basic,8,3.2,87.32,increasing,increasing,46,0
550,Scarlett Davis,57,Premium,8,3.62,67.71,decreasing,stable,41,0
551,Sophia Jackson,34,Unlimited,6,2.54,58.46,increasing,stable,46,1
552,Aria Smith,54,Unlimited,14,2.0,72.23,decreasing,stable,30,0
553,Ethan Anderson,56,Premium,32,3.15,68.29,decreasing,stable,30,0
554,Grace Harris,46,Basic,35,0.64,49.28,decreasing,decreasing,12,1
555,Amelia Smith,53,Basic,10,3.41,49.37,stable,stable,13,0
556,Noah Wilson,55,Unlimited,3,1.79,49.78,stable,stable,48,1
557,Zoey Davis,56,Basic,12,2.26,100.0,stable,increasing,44,0
558,Scarlett Jackson,54,Basic,31,3.42,82.9,increasing,stable,41,1
559,William Garcia,52,Basic,29,2.08,61.09,stable,decreasing,24,0
560,Oliver Miller,24,Premium,5,3.15,86.62,stable,increasing,32,0
561,Lucas Martinez,44,Unlimited,25,3.64,61.48,decreasing,stable,32,1
562,Isabella Anderson,45,Basic,31,2.61,86.13,stable,decreasing,14,0
563,Owen Smith,39,Premium,21,2.81,71.2,increasing,stable,15,0
564,Theodore Miller,31,Premium,20,2.38,60.12,stable,increasing,43,0
565,Mateo Brown,24,Unlimited,22,2.62,80.2,stable,stable,57,1
566,Owen Garcia,54,Basic,4,1.38,72.06,increasing,increasing,55,1
567,Grace Lewis,39,Premium,13,2.21,75.97,increasing,decreasing,37,1
568,Victoria Clark,22,Basic,20,1.21,73.23,decreasing,increasing,5,1
569,Grace Robinson,19,Unlimited,13,1.6,73.08,stable,decreasing,43,1
570,Elijah Perez,44,Premium,17,0.5,82.01,stable,stable,24,0
571,Noah Martinez,38,Basic,33,2.76,100.0,stable,decreasing,14,0
572,James Clark,55,Premium,1,4.19,88.73,decreasing,increasing,3,1
573,Alexander Smith,32,Premium,15,2.04,73.29,increasing,stable,55,0
574,Aria Gonzalez,38,Basic,13,3.47,65.34,decreasing,stable,3,0
575,Charlotte Anderson,27,Unlimited,17,3.63,66.99,increasing,stable,29,0
576,Hannah Gonzalez,40,Basic,24,1.3,51.16,decreasing,stable,33,1
577,Logan Martin,56,Premium,8,1.52,79.97,stable,decreasing,26,0
578,Isabella Lewis,22,Premium,27,3.49,54.78,stable,decreasing,30,0
579,Lucas Jones,18,Premium,23,2.41,64.41,stable,increasing,55,1
580,Owen Anderson,30,Basic,8,1.21,80.06,stable,increasing,31,1
581,Elijah Lopez,38,Unlimited,8,1.86,66.44,increasing,decreasing,43,0
582,Noah Clark,43,Premium,26,2.92,62.62,decreasing,increasing,38,0
583,Charlotte Jackson,38,Premium,13,1.71,52.04,increasing,decreasing,51,1
584,Hannah Brown,35,Premium,28,0.0,88.08,decreasing,stable,8,0
585,Sebastian Hernandez,54,Premium,25,2.18,57.5,decreasing,stable,40,0
586,Mateo Jones,49,Basic,16,2.26,61.21,stable,increasing,7,0
587,Abigail Hernandez,53,Basic,2,2.51,43.12,decreasing,increasing,13,0
588,Alexander Davis,34,Unlimited,18,3.76,69.7,stable,stable,32,0
589,Aria Garcia,52,Basic,17,2.55,65.0,increasing,decreasing,22,0
590,Lucas Thompson,28,Premium,30,2.74,72.73,decreasing,decreasing,20,0
591,Sebastian Wilson,38,Unlimited,13,3.56,52.38,stable,increasing,54,0
592,Olivia Sanchez,43,Basic,32,2.51,81.01,stable,increasing,11,0
593,Ava Davis,21,Premium,29,4.64,42.41,stable,increasing,56,0
594,Harper Harris,51,Premium,30,1.24,68.62,stable,decreasing,1,0
595,Grace Anderson,35,Premium,18,1.57,71.73,decreasing,increasing,12,0
596,Zoey Ramirez,57,Basic,13,3.11,70.87,increasing,increasing,58,0
597,Olivia Lopez,52,Basic,21,3.75,72.37,stable,increasing,3,0
598,Hannah Thomas,58,Premium,30,2.3,81.83,stable,stable,19,0
599,Elijah Jones,46,Unlimited,21,1.49,89.87,stable,decreasing,49,1
600,Victoria Davis,46,Premium,17,4.26,67.67,stable,stable,50,0
601,Jack Sanchez,55,Premium,19,1.71,55.48,increasing,increasing,47,1
602,Henry Perez,59,Basic,15,2.84,78.41,increasing,stable,58,1
603,Owen Wilson,38,Premium,9,3.81,65.8,increasing,stable,13,0
604,Zoey Rodriguez,59,Basic,10,2.06,88.97,decreasing,increasing,29,0
605,Michael Hernandez,30,Unlimited,31,1.88,60.97,increasing,increasing,28,0
606,Ethan Smith,58,Unlimited,23,1.95,57.13,decreasing,stable,7,0
607,Victoria Lee,34,Premium,30,3.4,72.16,decreasing,increasing,11,1
608,Sebastian Wilson,26,Unlimited,33,3.56,43.89,decreasing,increasing,40,1
609,Hannah Perez,58,Basic,9,2.53,62.99,decreasing,stable,37,1
610,Ethan Harris,18,Premium,1,4.38,65.05,increasing,decreasing,25,0
611,Liam Perez,19,Basic,35,2.53,73.31,increasing,stable,49,0
612,Zoey Anderson,46,Unlimited,11,3.79,55.06,stable,stable,1,0
613,Daniel Anderson,50,Basic,34,2.07,56.81,increasing,stable,54,1
614,Henry Lee,27,Premium,16,4.83,87.35,decreasing,stable,39,1
615,Henry Martinez,57,Unlimited,9,4.07,69.8,stable,increasing,55,1
616,Sebastian Rodriguez,38,Basic,32,2.37,82.97,decreasing,decreasing,13,1
617,Lily Martin,45,Basic,15,3.93,61.87,increasing,increasing,5,0
618,Jackson Sanchez,28,Premium,12,3.88,69.18,decreasing,stable,41,0
619,Emma Garcia,51,Premium,33,4.05,73.22,increasing,decreasing,39,1
620,Noah Miller,25,Basic,14,0.02,96.21,stable,stable,30,0
621,Harper Clark,39,Basic,8,3.22,66.74,stable,decreasing,16,0
622,Chloe Clark,25,Basic,8,3.04,67.51,decreasing,stable,24,0
623,Amelia Hernandez,32,Unlimited,27,2.97,86.47,stable,decreasing,31,1
624,Logan Harris,34,Premium,12,2.72,64.3,decreasing,decreasing,11,1
625,Benjamin Martin,40,Basic,1,2.75,74.27,decreasing,decreasing,48,1
626,William Lee,41,Basic,11,3.78,85.16,decreasing,decreasing,12,0
627,Logan Smith,36,Basic,31,3.04,61.36,increasing,decreasing,18,0
628,Owen Hernandez,22,Basic,17,2.72,75.11,decreasing,decreasing,43,0
629,Michael Sanchez,49,Premium,33,3.64,96.18,decreasing,stable,47,1
630,Jack Moore,18,Basic,32,2.92,83.82,increasing,increasing,24,0
631,Daniel Taylor,40,Basic,29,3.01,74.27,increasing,stable,30,0
632,Benjamin Taylor,54,Premium,21,4.37,66.64,increasing,decreasing,58,1
633,Abigail Rodriguez,25,Basic,21,2.07,60.94,increasing,decreasing,36,1
634,Abigail Perez,30,Premium,23,0.98,55.18,stable,decreasing,24,0
635,Michael Ramirez,25,Premium,6,2.57,92.64,decreasing,decreasing,15,1
636,Zoey Taylor,40,Premium,22,2.71,89.73,stable,increasing,56,0
637,Benjamin Smith,18,Premium,8,3.22,60.14,stable,increasing,37,0
638,Ella Gonzalez,41,Premium,35,2.61,75.07,decreasing,stable,42,1
639,Theodore Thompson,52,Unlimited,11,3.26,71.67,increasing,increasing,48,1
640,Evelyn Robinson,41,Premium,24,5.0,87.77,decreasing,stable,57,1
641,Ella Robinson,34,Premium,21,3.3,75.74,stable,decreasing,22,0
642,Owen Taylor,22,Unlimited,2,3.48,69.66,stable,decreasing,13,1
643,Owen Robinson,37,Premium,19,2.37,61.87,stable,stable,5,0
644,Mia Davis,38,Basic,28,1.11,75.11,stable,increasing,24,1
645,Evelyn Moore,57,Basic,17,0.2,64.78,increasing,stable,22,1
646,Liam Wilson,48,Basic,6,1.98,73.31,decreasing,stable,59,0
647,Noah Perez,53,Unlimited,19,0.0,68.86,increasing,stable,42,1
648,Jack Taylor,28,Premium,28,3.01,64.41,decreasing,increasing,11,0
649,Theodore Garcia,32,Unlimited,2,2.12,55.41,stable,stable,12,0
650,Elijah Smith,36,Premium,4,1.19,77.71,increasing,increasing,35,0
651,Lucas Lewis,24,Premium,22,2.63,70.64,stable,decreasing,38,1
652,Scarlett Williams,45,Basic,26,1.76,96.81,increasing,increasing,33,1
653,Ella Martinez,22,Premium,13,2.95,54.51,decreasing,increasing,5,0
654,Alexander Jackson,22,Premium,32,3.21,79.38,decreasing,increasing,37,1
655,Chloe Ramirez,47,Unlimited,17,1.8,68.76,decreasing,stable,49,1
656,Grace Thompson,49,Basic,19,2.26,100.0,increasing,stable,51,1
657,Jack Moore,25,Premium,35,2.71,78.23,stable,decreasing,39,1
658,Benjamin Lewis,27,Premium,28,1.09,74.87,stable,stable,7,0
659,Lucas Smith,55,Premium,1,2.71,68.8,decreasing,stable,7,1
660,Oliver White,49,Premium,18,1.07,59.45,increasing,stable,39,1
661,Ethan Clark,45,Premium,33,3.07,74.67,stable,stable,32,1
662,Lucas Perez,34,Basic,12,2.06,49.27,stable,increasing,33,1
663,Victoria Williams,48,Premium,8,1.06,49.96,increasing,stable,43,1
664,Grace Ramirez,25,Premium,24,1.92,85.19,stable,decreasing,14,0
665,Lucas Johnson,57,Unlimited,16,1.96,43.57,stable,decreasing,35,0
666,Lily White,42,Unlimited,4,3.57,65.21,decreasing,decreasing,59,1
667,Sophia White,26,Basic,27,2.67,54.26,decreasing,increasing,56,0
668,Mia Brown,19,Basic,9,1.54,63.96,stable,increasing,34,0
669,Victoria Perez,32,Unlimited,16,4.15,72.77,stable,decreasing,45,1
670,Daniel Wilson,20,Premium,12,3.13,84.77,increasing,increasing,21,0
671,Charlotte Thompson,53,Unlimited,31,2.16,88.26,decreasing,increasing,22,0
672,Harper Miller,21,Basic,24,0.95,56.22,decreasing,increasing,39,1
673,Alexander Miller,31,Premium,14,2.08,63.01,decreasing,stable,44,1
674,Grace Thompson,58,Unlimited,25,2.28,100.0,decreasing,increasing,54,1
675,Daniel Jackson,58,Unlimited,34,2.87,66.25,stable,stable,50,0
676,Evelyn Brown,42,Basic,3,3.11,56.77,decreasing,stable,21,0
677,Owen Ramirez,27,Premium,24,3.31,59.26,stable,decreasing,4,0
678,Harper Johnson,38,Premium,9,0.89,66.34,stable,increasing,30,1
679,Liam Anderson,53,Basic,26,2.71,64.11,decreasing,stable,12,0
680,James Martin,29,Premium,20,2.34,66.48,increasing,stable,27,0
681,Emma Martinez,44,Premium,10,5.18,69.68,increasing,stable,57,1
682,Noah Williams,57,Unlimited,19,2.56,69.57,stable,stable,19,0
683,Ethan Thompson,19,Premium,3,1.88,55.67,stable,decreasing,32,1
684,Olivia Martin,30,Basic,24,2.61,75.54,decreasing,increasing,15,0
685,James Jones,49,Basic,5,2.49,71.82,increasing,decreasing,28,0
686,Aria Robinson,48,Premium,3,0.51,77.45,increasing,stable,22,0
687,Henry Johnson,33,Basic,27,2.91,44.28,increasing,increasing,23,1
688,Lily Martin,49,Premium,16,2.19,72.35,increasing,decreasing,33,0
689,Michael Lopez,49,Basic,15,2.47,40.22,increasing,stable,6,0
690,Logan Taylor,51,Unlimited,35,1.63,67.37,stable,increasing,37,1
691,Alexander Robinson,28,Unlimited,12,1.41,79.87,stable,increasing,36,1
692,Ethan Taylor,27,Premium,26,3.38,85.69,decreasing,increasing,3,0
693,Amelia Wilson,32,Unlimited,34,3.61,75.02,decreasing,stable,33,0
694,Henry Davis,34,Premium,23,2.92,80.13,stable,increasing,41,0
695,Noah Gonzalez,57,Premium,31,0.69,65.51,increasing,increasing,21,1
696,Jackson Miller,35,Basic,20,2.98,62.36,increasing,increasing,4,0
697,Henry Perez,26,Premium,12,0.7,100.0,decreasing,decreasing,49,1
698,Michael Hernandez,42,Premium,23,1.84,82.41,stable,decreasing,41,0
699,Elijah Sanchez,57,Unlimited,4,3.37,52.41,decreasing,decreasing,22,0
700,Owen Gonzalez,31,Premium,23,3.16,43.98,decreasing,increasing,53,1
701,Chloe Thompson,42,Unlimited,1,2.96,63.02,decreasing,decreasing,59,1
702,Victoria Hernandez,39,Premium,25,3.81,87.88,decreasing,stable,14,0
703,William Moore,47,Basic,2,3.06,70.73,stable,decreasing,30,0
704,Daniel Martinez,37,Unlimited,30,0.48,36.64,stable,stable,58,1
705,Hannah Rodriguez,38,Premium,3,2.13,67.34,decreasing,stable,8,0
706,Aria Johnson,49,Basic,21,2.46,69.96,stable,decreasing,42,1
707,Amelia Jones,38,Premium,25,2.34,33.76,increasing,increasing,57,0
708,Jackson Garcia,52,Basic,20,1.88,70.36,stable,stable,52,0
709,Olivia Thompson,49,Premium,22,1.47,54.8,stable,decreasing,24,1
710,Michael Lee,47,Premium,21,4.9,42.47,decreasing,decreasing,24,0
711,Mateo Harris,56,Premium,33,2.11,94.07,stable,decreasing,48,0
712,Charlotte Garcia,29,Unlimited,15,4.85,54.14,stable,stable,20,0
713,Mateo Davis,58,Premium,15,1.36,59.99,decreasing,increasing,8,0
714,Chloe Lopez,35,Basic,25,3.16,59.79,decreasing,increasing,54,1
715,Benjamin Martinez,38,Premium,21,2.73,70.03,stable,stable,47,1
716,Amelia Sanchez,30,Unlimited,24,1.58,96.49,increasing,stable,37,0
717,Daniel Ramirez,38,Basic,5,2.03,52.06,stable,increasing,21,0
718,Noah Ramirez,25,Basic,6,2.48,65.4,stable,increasing,42,1
719,Liam Jackson,57,Basic,23,1.66,71.81,increasing,stable,22,0
720,Hannah Jackson,24,Basic,4,2.24,56.97,increasing,decreasing,48,0
721,Sebastian Lewis,40,Unlimited,27,0.14,65.16,decreasing,decreasing,3,0
722,Daniel Hernandez,49,Premium,18,3.21,78.92,stable,decreasing,28,1
723,Zoey Hernandez,28,Basic,21,3.73,58.66,stable,decreasing,14,1
724,Hannah Taylor,39,Premium,28,2.95,64.92,increasing,stable,0,0
725,Scarlett Davis,39,Basic,35,4.76,63.53,stable,decreasing,53,0
726,Lily Perez,42,Unlimited,22,3.18,68.44,decreasing,stable,29,0
727,Chloe Thompson,39,Unlimited,23,3.64,73.65,increasing,decreasing,28,0
728,Logan Perez,45,Basic,3,3.74,78.8,increasing,decreasing,19,0
729,Michael Jones,46,Unlimited,10,0.0,99.06,stable,decreasing,32,1
730,Grace Sanchez,30,Premium,25,2.92,30.12,decreasing,stable,40,1
731,Hannah Anderson,35,Basic,8,1.12,67.49,stable,increasing,43,1
732,Abigail Jackson,19,Basic,11,1.32,49.53,increasing,increasing,35,1
733,Lily Martin,46,Premium,5,1.49,64.22,stable,increasing,59,0
734,Amelia Robinson,38,Premium,29,2.19,83.21,decreasing,increasing,21,0
735,Chloe Rodriguez,32,Unlimited,5,3.15,87.97,increasing,increasing,12,0
736,Sebastian Johnson,44,Premium,9,2.93,88.67,stable,stable,6,0
737,Henry Rodriguez,48,Unlimited,2,2.49,88.53,stable,stable,7,0
738,Zoey Taylor,32,Premium,1,3.22,67.39,increasing,decreasing,27,0
739,Liam Harris,40,Unlimited,30,3.28,90.98,decreasing,increasing,44,1
740,Zoey Martinez,41,Premium,11,2.94,93.95,decreasing,stable,42,1
741,Jackson Miller,30,Basic,28,0.78,72.08,stable,decreasing,8,0
742,Lily Williams,39,Premium,12,1.76,87.66,increasing,stable,24,0
743,Victoria Lopez,54,Unlimited,26,2.53,70.62,increasing,decreasing,55,1
744,Theodore Garcia,50,Basic,13,3.23,91.15,stable,increasing,15,0
745,Chloe Lopez,20,Unlimited,8,1.17,67.58,stable,increasing,9,1
746,Evelyn Jones,36,Basic,28,2.49,60.86,increasing,stable,10,0
747,Amelia Martinez,40,Premium,30,0.93,53.2,increasing,increasing,30,0
748,Olivia Robinson,46,Unlimited,9,3.53,67.4,increasing,stable,11,0
749,Mia White,47,Basic,31,2.74,71.27,decreasing,stable,59,1
750,Evelyn Davis,56,Basic,21,1.15,55.81,decreasing,increasing,30,0
751,Charlotte Lee,42,Premium,34,1.15,66.25,decreasing,increasing,13,1
752,Amelia Thompson,54,Unlimited,31,2.89,62.1,increasing,stable,50,0
753,Victoria Perez,25,Basic,25,3.87,53.85,decreasing,stable,43,1
754,Mia Garcia,59,Unlimited,12,1.4,85.54,increasing,stable,31,1
755,Lucas Harris,33,Basic,1,3.29,88.18,stable,increasing,49,0
756,Harper Harris,25,Unlimited,22,1.96,85.47,decreasing,increasing,52,1
757,Olivia Anderson,18,Unlimited,1,3.32,68.74,stable,increasing,16,0
758,Sebastian Rodriguez,22,Premium,1,3.18,69.66,stable,increasing,34,0
759,Sebastian Anderson,20,Premium,21,2.66,54.05,increasing,decreasing,0,0
760,Ella Martinez,18,Premium,15,0.67,76.22,increasing,increasing,28,1
761,Mia Miller,21,Premium,17,3.18,72.54,stable,decreasing,50,0
762,Amelia Thompson,57,Basic,22,3.0,100.0,stable,decreasing,3,0
763,Sebastian Lee,52,Basic,35,2.91,86.31,decreasing,increasing,22,0
764,Michael Sanchez,49,Basic,16,2.7,74.73,stable,stable,27,0
765,Benjamin Wilson,59,Premium,8,1.62,69.38,stable,decreasing,15,1
766,Isabella Lee,51,Basic,17,3.58,85.02,increasing,decreasing,11,0
767,Benjamin Rodriguez,42,Premium,17,3.4,56.26,increasing,stable,52,1
768,Lucas Moore,27,Unlimited,26,1.42,87.09,decreasing,decreasing,20,0
769,Ethan Lewis,38,Basic,13,3.81,53.69,increasing,decreasing,44,0
770,Harper Robinson,56,Premium,17,2.63,61.58,stable,stable,16,0
771,Scarlett Williams,44,Premium,17,2.63,42.43,increasing,decreasing,39,1
772,Harper Clark,44,Unlimited,14,2.32,79.21,decreasing,stable,12,0
773,Scarlett Taylor,19,Unlimited,6,2.42,73.75,decreasing,stable,51,1
774,Sophia White,58,Unlimited,35,3.87,61.58,increasing,decreasing,57,0
775,Lily Lopez,30,Unlimited,14,3.53,56.06,increasing,decreasing,31,0
776,Chloe Williams,26,Basic,8,3.51,90.68,stable,stable,36,1
777,Victoria Hernandez,53,Unlimited,15,2.68,68.0,stable,increasing,49,0
778,Zoey Sanchez,39,Premium,27,3.39,58.49,increasing,stable,14,0
779,Ethan Lopez,59,Basic,13,1.67,98.83,decreasing,decreasing,11,1
780,Scarlett Anderson,43,Unlimited,31,3.08,60.14,increasing,stable,48,1
781,Elijah Lewis,29,Basic,35,2.35,87.08,decreasing,decreasing,56,1
782,Michael Harris,34,Premium,6,0.44,52.74,stable,decreasing,14,0
783,Ava Moore,31,Basic,5,0.91,64.68,increasing,stable,33,1
784,Grace Thomas,31,Premium,22,1.84,77.53,stable,increasing,5,0
785,Noah Thompson,51,Premium,23,2.92,69.13,stable,stable,16,0
786,Lily Martinez,37,Premium,25,1.84,73.66,increasing,stable,47,1
787,Chloe Robinson,28,Premium,34,1.91,61.92,stable,stable,48,0
788,Ava Gonzalez,33,Basic,26,3.26,46.03,increasing,stable,56,0
789,Harper Williams,48,Unlimited,5,1.94,91.98,increasing,stable,19,0
790,Scarlett Wilson,23,Basic,26,3.83,62.83,increasing,increasing,8,0
791,Owen Robinson,36,Premium,20,3.67,74.34,stable,increasing,58,0
792,Owen Robinson,54,Unlimited,6,2.52,80.53,increasing,stable,4,0
793,Mia White,21,Unlimited,6,3.25,74.63,stable,increasing,22,0
794,Alexander Robinson,21,Premium,18,3.12,59.37,stable,stable,32,0
795,Jackson Miller,37,Premium,4,2.25,87.4,stable,stable,37,1
796,Abigail Jones,27,Unlimited,17,3.36,77.71,decreasing,stable,55,1
797,Liam Robinson,41,Unlimited,14,3.51,72.98,decreasing,increasing,13,1
798,Oliver Gonzalez,52,Premium,14,1.55,72.63,stable,decreasing,16,0
799,Sophia White,43,Basic,13,2.65,95.23,stable,stable,56,0
800,Theodore Moore,54,Basic,7,2.64,59.05,increasing,stable,18,0
801,Elijah Moore,55,Basic,15,3.35,76.23,decreasing,decreasing,32,1
802,Victoria Harris,38,Premium,19,2.06,62.07,increasing,increasing,0,0
803,Liam Lee,57,Basic,35,1.9,40.96,stable,stable,12,1
804,Isabella Rodriguez,56,Premium,17,2.67,40.56,decreasing,decreasing,45,1
805,Isabella Taylor,38,Basic,35,3.68,54.78,increasing,decreasing,26,0
806,Logan Brown,27,Basic,19,1.3,60.12,increasing,decreasing,5,1
807,Olivia Clark,55,Unlimited,20,1.48,100.0,stable,decreasing,58,1
808,Victoria Lewis,21,Premium,35,1.98,80.48,stable,increasing,5,0
809,Victoria Hernandez,37,Basic,32,2.16,81.83,decreasing,increasing,32,0
810,William Miller,34,Unlimited,24,0.73,60.44,decreasing,stable,29,0
811,Logan Hernandez,24,Basic,17,4.0,70.92,increasing,stable,45,1
812,Ava Johnson,21,Premium,7,2.37,100.0,increasing,increasing,34,1
813,Jackson Miller,46,Premium,1,2.22,51.78,stable,decreasing,22,0
814,Elijah Clark,31,Basic,35,4.12,76.84,stable,stable,9,0
815,Lucas Martin,20,Unlimited,32,3.22,94.17,stable,stable,50,0
816,Owen Perez,41,Premium,13,1.96,84.49,increasing,decreasing,18,0
817,Alexander Hernandez,54,Premium,6,2.66,97.02,stable,decreasing,50,1
818,Chloe Harris,33,Basic,14,2.46,73.19,stable,stable,27,0
819,Sebastian Rodriguez,21,Basic,15,3.95,79.05,stable,decreasing,22,0
820,Oliver White,41,Unlimited,4,2.33,71.65,stable,decreasing,3,1
821,William Jones,51,Basic,16,1.06,78.0,stable,stable,19,1
822,James Perez,47,Premium,28,0.62,56.27,stable,increasing,18,1
823,Ethan Taylor,35,Premium,16,3.98,81.89,increasing,increasing,41,0
824,Henry Williams,36,Premium,4,1.71,74.41,increasing,stable,26,0
825,Abigail Sanchez,48,Basic,26,3.17,70.94,stable,stable,56,1
826,Lily Moore,36,Basic,28,2.57,96.2,stable,decreasing,33,1
827,Harper Robinson,36,Premium,32,2.08,66.02,stable,decreasing,3,0
828,Amelia White,39,Basic,2,2.24,88.12,stable,decreasing,55,1
829,Oliver Williams,41,Basic,31,4.08,89.61,stable,decreasing,37,1
830,Aria Gonzalez,29,Basic,3,1.05,82.83,decreasing,decreasing,6,1
831,Jackson Rodriguez,47,Premium,8,2.11,55.52,increasing,stable,47,0
832,Elijah Wilson,55,Unlimited,24,3.41,75.39,increasing,increasing,6,0
833,Victoria Johnson,48,Basic,15,1.22,99.38,increasing,decreasing,49,1
834,Emma Rodriguez,53,Basic,31,3.82,42.72,stable,stable,51,1
835,Oliver Clark,36,Basic,9,3.39,67.19,stable,stable,25,0
836,Jack Lewis,53,Premium,2,2.77,87.43,increasing,stable,25,0
837,Henry Williams,47,Premium,8,2.0,68.27,stable,decreasing,53,1
838,Jackson Johnson,50,Premium,7,1.09,82.15,increasing,stable,18,1
839,Olivia Martinez,35,Premium,16,3.21,91.14,stable,decreasing,8,0
840,Henry Anderson,45,Premium,35,5.25,73.48,stable,increasing,19,0
841,Zoey Harris,28,Unlimited,30,2.65,77.63,decreasing,stable,41,1
842,James Hernandez,50,Unlimited,10,0.67,71.38,increasing,increasing,44,1
843,Chloe White,34,Basic,18,2.96,74.47,decreasing,decreasing,49,1
844,Isabella Garcia,23,Basic,5,3.36,100.0,decreasing,increasing,15,0
845,Lucas Clark,21,Basic,29,1.58,69.04,increasing,decreasing,53,1
846,James Thomas,37,Basic,34,1.85,64.7,increasing,increasing,16,0
847,Sebastian Moore,44,Unlimited,23,1.75,85.63,stable,increasing,21,0
848,William Jones,32,Premium,5,1.97,57.36,decreasing,stable,12,0
849,Ava Ramirez,23,Basic,30,2.33,60.78,decreasing,stable,11,0
850,James Gonzalez,31,Premium,6,1.64,60.87,stable,increasing,9,0
851,Amelia Moore,28,Premium,4,1.26,66.16,decreasing,stable,0,1
852,Zoey Gonzalez,56,Basic,29,2.67,66.82,increasing,decreasing,31,1
853,Ella Robinson,26,Basic,23,2.32,80.49,increasing,stable,29,0
854,Owen Jackson,43,Premium,6,2.06,64.86,decreasing,increasing,7,1
855,Oliver White,33,Premium,32,2.58,81.09,decreasing,decreasing,20,0
856,Zoey Johnson,22,Basic,18,0.98,82.96,stable,increasing,21,0
857,Zoey Clark,27,Basic,15,2.76,60.2,decreasing,stable,17,0
858,Ava Gonzalez,20,Premium,32,2.08,82.64,decreasing,increasing,1,0
859,Grace Garcia,30,Basic,9,2.74,84.0,decreasing,stable,47,0
860,Logan Jackson,47,Premium,10,2.9,43.59,decreasing,increasing,43,0
861,Mia Davis,23,Premium,20,3.63,74.4,decreasing,decreasing,8,0
862,Jack Smith,34,Basic,6,2.6,62.4,increasing,stable,2,0
863,Ava Hernandez,36,Unlimited,3,3.57,89.55,decreasing,increasing,53,0
864,Jackson Lee,59,Premium,11,2.18,62.25,increasing,increasing,25,0
865,Hannah Clark,52,Basic,17,2.23,49.91,decreasing,decreasing,20,0
866,Aria Ramirez,43,Premium,32,2.41,69.55,stable,stable,29,0
867,Benjamin Jones,22,Premium,4,3.27,56.55,stable,decreasing,27,0
868,Charlotte Thompson,46,Premium,4,3.13,82.74,stable,decreasing,35,1
869,Alexander Hernandez,54,Basic,17,2.64,57.87,increasing,decreasing,25,0
870,Theodore Miller,37,Unlimited,19,1.27,69.74,increasing,decreasing,33,1
871,Charlotte Moore,38,Premium,5,3.11,93.19,decreasing,increasing,7,1
872,Hannah Johnson,27,Basic,32,1.64,86.48,decreasing,decreasing,9,0
873,Sophia Gonzalez,22,Basic,22,1.58,77.17,stable,increasing,47,0
874,Owen Lopez,53,Basic,6,1.36,68.09,decreasing,decreasing,54,1
875,Scarlett Johnson,23,Unlimited,35,2.42,75.74,decreasing,stable,42,0
876,Ella Gonzalez,43,Basic,22,3.71,80.33,stable,decreasing,49,1
877,Mateo Taylor,21,Basic,1,1.53,55.2,increasing,stable,53,1
878,Amelia Davis,56,Unlimited,20,4.18,82.77,decreasing,stable,13,1
879,Charlotte Johnson,56,Basic,22,3.41,53.47,stable,decreasing,39,0
880,Logan Gonzalez,52,Basic,11,1.04,78.59,decreasing,increasing,54,1
881,Lily Thomas,18,Basic,13,2.12,53.4,decreasing,stable,14,0
882,William Jackson,41,Basic,3,1.46,99.44,decreasing,stable,16,1
883,Theodore Miller,53,Basic,9,3.16,81.45,stable,decreasing,52,1
884,Alexander Rodriguez,23,Premium,12,1.51,46.66,increasing,increasing,17,0
885,Ella Johnson,58,Basic,23,0.88,69.99,stable,increasing,31,1
886,Jack Ramirez,48,Basic,14,2.17,62.18,stable,increasing,37,0
887,Isabella Robinson,37,Premium,33,3.67,60.4,increasing,increasing,22,0
888,Victoria Lewis,41,Premium,18,2.31,72.21,stable,decreasing,45,1
889,Michael Brown,42,Premium,9,2.9,56.08,stable,decreasing,22,0
890,Abigail Brown,53,Premium,23,2.94,81.42,decreasing,stable,34,0
891,Elijah Clark,38,Basic,10,0.99,80.57,increasing,stable,38,0
892,Amelia Lopez,47,Premium,19,1.6,75.27,stable,decreasing,14,1
893,Michael Taylor,41,Premium,5,2.51,69.71,increasing,increasing,52,1
894,Alexander Perez,59,Basic,23,1.94,79.9,increasing,stable,23,0
895,Liam Perez,47,Unlimited,30,4.2,81.87,increasing,stable,27,0
896,Sebastian White,39,Basic,25,1.27,76.82,decreasing,increasing,15,1
897,Harper Moore,45,Premium,28,1.59,50.32,increasing,stable,15,0
898,Sophia Anderson,24,Basic,34,2.79,58.17,decreasing,stable,39,1
899,Owen Lopez,52,Premium,25,1.87,65.98,increasing,increasing,38,0
900,Hannah Clark,45,Premium,10,0.0,47.86,decreasing,increasing,5,1
901,Lily Martin,31,Unlimited,14,4.43,73.36,decreasing,decreasing,1,0
902,Olivia Miller,27,Basic,30,1.43,91.17,decreasing,increasing,53,1
903,Owen Hernandez,33,Premium,25,3.06,88.78,decreasing,decreasing,12,0
904,Grace Garcia,33,Premium,14,1.25,81.09,decreasing,increasing,43,1
905,Isabella Jackson,48,Premium,35,1.64,80.92,decreasing,decreasing,46,1
906,Emma Sanchez,59,Premium,34,0.88,100.0,stable,decreasing,58,1
907,Ethan Sanchez,42,Premium,10,1.76,82.66,increasing,decreasing,8,0
908,Chloe Wilson,30,Premium,35,1.86,83.88,increasing,decreasing,33,0
909,Chloe Lewis,23,Basic,11,2.37,48.42,increasing,increasing,16,1
910,Elijah Taylor,26,Premium,11,2.13,89.99,stable,stable,26,0
911,Lily Gonzalez,53,Basic,21,1.06,75.98,stable,stable,28,1
912,Scarlett Anderson,37,Unlimited,21,1.98,68.8,decreasing,increasing,36,1
913,Owen Lewis,35,Premium,22,3.95,65.09,decreasing,increasing,42,0
914,Emma Martin,38,Unlimited,7,3.83,61.77,stable,decreasing,21,1
915,Ella Johnson,21,Basic,17,2.96,88.85,stable,stable,50,1
916,Sophia Martin,50,Unlimited,2,3.16,69.57,decreasing,stable,23,0
917,Michael Hernandez,44,Unlimited,12,4.56,62.32,increasing,decreasing,6,0
918,Mateo Williams,24,Premium,18,3.07,58.43,decreasing,stable,33,0
919,Amelia Robinson,23,Premium,11,3.14,72.56,increasing,stable,47,0
920,Jack Lewis,32,Basic,16,0.94,64.61,stable,decreasing,11,1
921,Daniel Anderson,35,Unlimited,18,1.39,61.18,increasing,increasing,22,0
922,Mia Jones,49,Premium,35,2.47,49.27,decreasing,stable,14,1
923,Abigail Garcia,28,Basic,26,1.69,84.39,stable,decreasing,32,1
924,Evelyn Harris,37,Basic,16,1.5,67.93,increasing,decreasing,56,1
925,James Williams,41,Unlimited,6,1.62,53.72,increasing,decreasing,12,0
926,Liam Sanchez,32,Unlimited,12,1.08,65.93,stable,stable,22,1
927,Aria Anderson,24,Unlimited,13,1.71,78.24,decreasing,decreasing,37,1
928,Chloe Lewis,38,Premium,4,2.84,70.43,decreasing,increasing,31,1
929,Lily Taylor,59,Basic,2,4.3,72.86,stable,increasing,44,0
930,Jackson White,43,Basic,26,3.3,70.64,stable,stable,49,1
931,Olivia Moore,31,Basic,27,3.14,50.85,stable,stable,34,1
932,Isabella Lopez,54,Basic,27,0.88,84.23,decreasing,increasing,0,0
933,Mia Clark,38,Basic,15,2.62,44.38,decreasing,stable,46,1
934,Lucas Ramirez,35,Basic,8,2.43,76.92,stable,increasing,57,1
935,Jackson Taylor,22,Premium,7,2.79,79.23,decreasing,stable,44,1
936,Owen Lee,20,Unlimited,12,2.14,66.7,stable,decreasing,4,0
937,Lucas Anderson,40,Premium,13,4.16,75.3,decreasing,stable,56,1
938,Mateo Wilson,43,Unlimited,17,2.55,65.84,decreasing,increasing,12,0
939,Benjamin Williams,54,Premium,17,2.65,75.48,decreasing,stable,53,0
940,Owen Lopez,41,Basic,21,0.54,84.89,decreasing,stable,4,1
941,Logan Ramirez,36,Basic,8,2.39,58.12,increasing,stable,59,0
942,Oliver Martin,42,Basic,5,3.65,80.11,decreasing,stable,31,1
943,Isabella Harris,38,Basic,26,3.06,95.39,stable,stable,50,0
944,Theodore Wilson,29,Premium,16,0.34,73.97,increasing,decreasing,20,1
945,Benjamin Taylor,58,Basic,28,2.05,62.45,stable,increasing,23,0
946,Abigail Brown,50,Basic,29,4.23,100.0,decreasing,stable,59,1
947,Henry Garcia,21,Basic,12,2.35,71.33,increasing,stable,17,0
948,Michael Perez,59,Unlimited,30,2.82,73.47,stable,stable,20,0
949,Noah White,24,Premium,23,4.12,73.79,stable,increasing,53,1
950,Lucas Hernandez,39,Premium,16,2.35,76.72,increasing,increasing,9,0
951,Ava Taylor,50,Basic,14,3.29,64.92,increasing,increasing,23,0
952,Lucas Lee,34,Premium,10,2.91,72.85,decreasing,decreasing,39,0
953,Harper Robinson,41,Premium,7,3.13,84.28,decreasing,decreasing,46,0
954,Harper Wilson,51,Premium,29,2.88,64.4,increasing,stable,20,0
955,Charlotte Garcia,45,Unlimited,3,1.95,63.7,decreasing,decreasing,24,0
956,Ella Hernandez,58,Basic,15,2.05,65.62,decreasing,increasing,51,0
957,Jackson Smith,56,Unlimited,19,1.65,53.53,stable,decreasing,59,1
958,Aria Rodriguez,39,Unlimited,13,0.86,59.76,decreasing,stable,56,1
959,Lucas Hernandez,34,Basic,21,3.74,59.15,decreasing,stable,58,1
960,Michael Jackson,51,Premium,27,2.51,69.99,stable,decreasing,22,0
961,Logan Rodriguez,23,Unlimited,29,3.69,82.54,increasing,decreasing,21,1
962,Amelia Lopez,23,Basic,20,4.07,91.81,decreasing,decreasing,3,0
963,Ella Anderson,51,Premium,25,2.55,70.86,stable,increasing,33,0
964,Mia Perez,18,Unlimited,6,1.19,76.85,increasing,decreasing,55,1
965,Michael Ramirez,27,Premium,2,2.3,73.65,stable,decreasing,5,0
966,Abigail Smith,38,Basic,22,1.83,38.6,stable,stable,27,0
967,Alexander Davis,22,Premium,32,0.52,52.78,decreasing,increasing,30,0
968,Ella Moore,19,Basic,16,2.0,81.42,stable,increasing,34,1
969,Grace Johnson,39,Premium,18,2.43,82.88,increasing,decreasing,38,1
970,Grace Smith,19,Basic,5,1.86,82.53,stable,stable,41,1
971,Ava Robinson,27,Premium,30,1.73,67.33,stable,stable,22,0
972,Grace Gonzalez,51,Premium,19,1.22,40.08,increasing,increasing,5,1
973,Sebastian Perez,33,Premium,23,2.7,54.57,stable,increasing,15,0
974,Scarlett Johnson,56,Premium,34,4.37,56.87,decreasing,stable,1,0
975,Aria Miller,39,Premium,13,3.78,79.43,increasing,stable,23,0
976,Sebastian Wilson,29,Premium,29,3.15,64.64,stable,decreasing,16,0
977,Isabella Johnson,41,Basic,22,3.18,95.36,stable,stable,44,0
978,Zoey Hernandez,57,Premium,9,2.37,92.01,increasing,decreasing,0,0
979,Oliver Clark,55,Basic,19,0.7,95.11,stable,increasing,5,1
980,William Rodriguez,27,Unlimited,6,2.13,56.25,stable,increasing,4,0
981,William Rodriguez,52,Basic,15,1.53,77.36,decreasing,stable,56,1
982,Scarlett Rodriguez,49,Premium,20,2.65,62.84,increasing,stable,44,1
983,Olivia Davis,24,Premium,9,3.73,74.92,decreasing,increasing,59,0
984,Lucas Moore,38,Premium,32,4.47,57.92,increasing,decreasing,54,0
985,Jack Robinson,37,Basic,4,2.56,88.39,decreasing,stable,49,1
986,Abigail Robinson,43,Premium,18,0.83,58.2,stable,increasing,28,1
987,Benjamin Hernandez,21,Premium,5,2.56,40.79,decreasing,increasing,11,0
988,Abigail Thomas,39,Premium,20,2.59,100.0,increasing,increasing,38,0
989,Elijah Garcia,32,Basic,23,3.18,76.64,stable,decreasing,46,1
990,Michael Sanchez,57,Premium,11,2.48,53.96,increasing,increasing,2,0
991,Oliver Rodriguez,38,Premium,22,2.57,67.57,decreasing,stable,47,1
992,Sophia Hernandez,32,Premium,4,1.87,61.35,stable,stable,0,0
993,Harper Perez,39,Premium,29,2.19,70.09,stable,increasing,26,0
994,Olivia Thompson,45,Premium,34,3.01,82.04,decreasing,increasing,47,0
995,Olivia Gonzalez,31,Basic,13,0.49,79.69,stable,increasing,23,0
996,Jackson Gonzalez,44,Basic,9,2.18,73.81,decreasing,stable,43,1
997,Evelyn Thompson,58,Basic,31,3.19,70.08,stable,increasing,18,0
998,Hannah Gonzalez,57,Basic,7,4.14,86.18,decreasing,increasing,58,1
999,Lucas Lewis,45,Premium,4,2.1,41.12,stable,decreasing,7,1
1000,Ella Jackson,43,Premium,19,3.69,58.77,stable,increasing,54,0
